x,y,z,c,t
6,8,6,9,0
7,4,3,4,0
8,8,8,18,31
9,9,16,34,11
9,19,34,39,23
11,18,14,14,0
12,12,11,6,0
12,14,10,12,25
12,18,51,71,15
13,12,11,12,15
13,28,25,42,36
13,44,15,50,55
15,11,16,33,16
15,20,14,26,28
16,14,14,14,16
16,16,18,15,12
16,30,40,28,24
17,11,12,20,22
17,15,19,56,64
17,63,97,96,40
19,14,21,16,14
19,18,17,16,15
19,20,21,20,44
19,31,39,33,27
20,21,20,20,21
20,25,29,27,20
20,52,47,34,22
21,20,20,20,27
21,22,40,51,74
21,23,28,23,32
21,26,78,93,44
21,30,20,12,0
21,53,73,55,30
21,66,49,23,87
22,20,23,23,24
22,31,11,9,46
22,43,56,61,62
22,59,97,118,54
22,80,60,28,50
22,81,88,76,103
23,15,37,33,16
23,21,21,20,26
23,22,20,16,15
23,23,26,47,34
23,25,27,31,32
23,25,44,54,70
23,31,27,26,34
23,40,64,69,47
24,21,24,25,34
24,24,24,21,27
24,56,76,45,50
25,16,56,82,76
25,33,34,45,30
26,23,36,27,29
26,24,30,32,39
26,25,26,26,24
26,26,25,27,29
26,26,27,26,27
26,26,29,29,29
26,26,30,36,24
26,27,47,54,54
26,29,40,35,33
26,31,30,28,29
26,55,30,76,62
27,19,33,76,113
27,19,44,60,10
27,23,29,32,39
27,26,24,25,25
27,26,28,25,26
27,27,29,28,26
28,20,13,29,34
28,28,29,27,26
28,28,29,28,28
28,30,46,64,35
28,31,26,25,0
28,31,32,30,38
28,39,44,57,66
28,43,66,70,18
28,43,69,41,15
28,52,32,42,32
28,57,25,36,57
29,17,21,24,45
29,23,30,33,112
29,26,30,32,28
29,29,44,49,15
29,30,33,34,27
29,47,55,50,37
29,53,54,71,82
30,27,33,33,30
30,30,33,36,39
30,30,48,52,26
30,32,28,30,27
30,36,42,28,0
30,51,56,38,73
30,77,87,81,43
31,19,37,36,70
31,25,27,30,32
31,28,32,31,38
31,30,32,13,17
31,31,34,31,30
31,32,36,36,36
31,33,40,55,29
31,34,31,31,34
31,46,43,12,29
31,49,60,65,27
32,31,45,112,28
32,33,27,56,54
32,36,45,39,30
32,37,50,54,41
32,38,31,33,34
32,40,40,55,14
32,43,40,64,39
32,45,59,81,32
33,13,22,15,65
33,31,31,29,36
33,33,39,54,70
33,33,75,95,43
33,34,40,54,35
33,37,40,46,46
33,40,43,33,41
33,45,42,65,36
33,52,64,70,117
33,80,69,96,43
34,27,11,12,0
34,32,33,27,34
34,35,30,32,37
34,36,33,26,36
34,38,28,23,65
34,39,38,26,34
34,39,57,69,31
34,58,58,86,45
34,103,62,45,69
34,103,113,94,58
35,25,24,47,11
35,31,27,25,27
35,32,20,89,38
35,35,43,36,37
35,35,55,63,55
35,36,38,39,45
35,39,30,29,33
35,39,35,35,41
35,54,74,74,30
35,68,55,71,49
36,28,61,55,54
36,30,42,43,57
36,34,26,51,66
36,35,30,31,34
36,36,56,59,36
36,38,37,48,35
36,38,52,61,50
36,38,68,75,49
36,41,35,39,30
36,43,50,55,38
36,49,36,43,108
36,84,82,24,34
37,31,82,108,104
37,34,29,30,41
37,35,32,28,37
37,35,36,30,64
37,35,62,86,25
37,36,38,32,38
37,36,51,50,85
37,38,39,38,36
37,39,37,46,26
37,40,35,34,39
37,43,66,69,28
37,47,47,50,42
37,47,49,50,36
37,50,44,49,37
37,66,47,23,19
37,66,62,44,49
38,29,33,29,40
38,32,42,36,36
38,37,41,39,35
38,39,41,37,34
38,41,39,45,39
38,41,60,88,77
38,46,41,26,29
38,47,52,65,43
38,48,38,40,35
38,49,63,58,57
38,54,43,37,21
38,57,48,41,35
38,61,69,114,66
38,77,67,64,60
38,79,61,50,34
39,30,37,53,51
39,30,38,40,51
39,34,30,34,41
39,35,32,27,28
39,38,33,35,47
39,39,44,45,44
39,40,41,43,46
39,41,40,35,32
39,41,40,40,52
39,41,47,50,53
39,43,33,32,41
39,47,32,60,40
39,51,64,66,41
39,85,100,63,51
39,100,89,87,64
39,163,163,149,44
40,28,32,45,49
40,29,60,75,20
40,31,41,41,50
40,35,43,59,43
40,36,42,42,36
40,41,44,39,41
40,47,93,67,50
40,68,98,94,83
40,72,85,72,36
41,19,12,39,42
41,34,38,42,47
41,35,47,42,49
41,40,36,37,31
41,40,38,41,54
41,42,43,43,47
41,44,44,40,40
41,45,41,62,60
41,45,45,35,134
41,78,45,52,58
42,19,22,17,51
42,28,45,70,39
42,34,27,30,0
42,37,37,39,34
42,40,43,46,50
42,42,36,41,63
42,45,34,37,56
42,45,47,49,61
42,53,79,93,46
42,63,46,56,47
42,76,73,55,34
42,83,87,39,43
43,23,23,68,89
43,39,38,36,40
43,41,46,45,34
43,42,65,38,42
43,43,38,39,38
43,43,45,45,43
43,43,46,50,45
43,44,41,38,40
43,48,54,62,37
43,62,42,36,59
43,66,81,88,17
43,71,127,153,50
43,79,84,79,53
43,89,100,118,95
43,109,101,91,38
44,26,48,70,31
44,35,38,39,41
44,36,28,50,44
44,36,39,47,42
44,40,46,57,48
44,40,63,81,48
44,41,41,40,40
44,42,36,43,64
44,45,44,45,40
44,45,46,50,38
44,46,44,46,37
44,47,63,61,60
44,48,53,44,0
44,51,46,78,83
44,54,64,66,62
44,56,8,9,28
44,63,94,60,94
44,68,86,118,61
45,27,31,27,27
45,37,37,39,37
45,37,48,39,34
45,37,71,72,38
45,44,41,40,41
45,46,41,38,32
45,46,44,34,142
45,55,54,45,46
45,57,60,56,60
45,68,96,97,51
45,84,89,86,51
46,20,13,20,46
46,32,48,31,76
46,34,66,71,58
46,37,40,39,31
46,42,44,42,60
46,44,32,31,73
46,45,39,64,51
46,47,46,55,36
46,48,45,46,51
46,50,57,49,46
46,51,54,53,50
46,56,30,31,38
46,57,53,57,59
46,62,77,71,51
46,62,89,90,50
46,75,48,61,60
47,23,21,19,19
47,27,29,31,50
47,34,78,109,45
47,39,33,32,53
47,41,34,35,50
47,43,38,38,128
47,43,61,63,39
47,44,46,40,44
47,45,45,39,42
47,45,45,47,46
47,45,46,45,49
47,46,41,44,44
47,48,45,46,33
47,51,55,76,62
47,52,53,67,46
47,54,66,58,58
47,55,38,45,38
47,55,64,65,89
47,58,48,51,0
48,29,40,81,50
48,32,33,44,82
48,38,18,40,56
48,46,70,72,50
48,50,45,60,79
48,51,41,44,51
48,51,49,70,48
48,52,52,49,47
48,53,73,87,44
48,54,57,49,43
48,56,64,50,46
48,60,73,60,48
48,61,68,61,49
48,64,95,38,81
48,70,36,66,78
49,37,42,39,43
49,38,27,27,131
49,40,52,55,51
49,41,74,49,36
49,47,48,44,36
49,48,40,84,65
49,49,49,45,51
49,51,58,67,56
49,53,47,65,48
49,53,53,43,58
49,54,65,69,47
49,56,63,75,52
49,59,71,71,52
49,63,81,56,74
49,66,34,31,51
49,99,78,62,97
50,40,23,37,53
50,42,60,71,27
50,44,58,86,46
50,45,41,45,35
50,45,42,46,95
50,48,38,39,98
50,49,49,45,50
50,49,52,47,63
50,51,69,110,62
50,54,53,51,48
50,54,61,70,54
50,56,62,66,60
50,59,64,66,54
50,60,71,91,54
50,64,71,65,66
50,73,75,102,67
50,74,61,75,72
50,92,101,58,85
51,21,66,70,49
51,31,25,19,60
51,36,64,28,53
51,37,41,40,52
51,40,26,48,12
51,41,46,69,36
51,46,88,96,56
51,47,37,38,46
51,47,45,45,48
51,50,39,46,57
51,51,52,52,54
51,52,63,61,63
51,53,57,58,51
51,54,54,59,64
51,55,43,81,50
51,55,81,85,80
51,58,70,62,57
51,62,62,36,51
51,86,93,108,86
51,94,85,71,33
51,139,138,163,73
52,41,35,35,131
52,45,80,68,21
52,47,49,55,52
52,49,54,56,67
52,51,49,49,60
52,52,55,55,51
52,53,101,81,129
52,56,62,55,63
52,56,80,80,82
52,58,60,55,54
52,61,80,63,38
52,62,68,77,52
52,71,78,104,59
52,74,94,119,116
52,85,72,40,61
52,115,139,93,92
52,169,167,168,50
53,30,72,29,50
53,41,56,58,66
53,45,57,77,55
53,50,52,51,53
53,52,59,66,61
53,53,51,49,55
53,54,53,53,56
53,56,82,86,87
53,57,57,55,53
53,58,56,51,69
53,58,71,128,45
53,59,64,95,48
53,61,52,52,52
53,61,61,62,61
53,63,64,61,49
53,73,61,22,59
53,84,74,60,67
53,85,73,76,62
53,96,78,61,109
54,22,62,90,18
54,27,74,67,67
54,31,27,73,60
54,44,50,55,159
54,46,67,100,99
54,47,24,16,27
54,53,75,61,53
54,54,50,51,55
54,54,56,57,57
54,55,44,36,58
54,55,83,80,87
54,56,45,52,56
54,57,58,54,52
54,58,53,52,58
54,60,58,61,46
54,60,58,71,89
54,66,56,66,56
54,68,118,113,38
54,85,55,32,100
54,102,106,166,66
55,19,19,19,60
55,24,22,23,61
55,31,41,38,65
55,35,18,11,64
55,38,48,66,106
55,41,37,73,50
55,43,50,55,40
55,44,54,68,56
55,45,67,74,56
55,46,46,54,51
55,46,48,23,107
55,48,68,90,55
55,50,48,103,47
55,53,41,30,0
55,59,67,63,51
55,59,81,81,85
55,60,44,79,64
55,61,80,83,59
55,64,73,88,61
55,64,73,89,51
55,64,82,65,61
55,75,69,53,61
55,76,84,96,54
55,100,115,78,73
56,47,52,52,90
56,51,38,61,52
56,51,40,43,61
56,52,48,41,76
56,54,42,47,56
56,54,53,52,57
56,55,63,86,30
56,56,55,57,43
56,56,72,102,51
56,57,60,87,63
56,57,66,85,59
56,58,68,62,64
56,59,63,59,55
56,60,63,78,75
56,61,60,82,56
56,63,105,148,62
56,65,67,57,56
56,70,45,27,89
56,72,86,83,59
56,75,100,73,88
56,88,80,56,103
56,100,60,73,57
56,104,117,103,79
57,37,49,55,54
57,42,67,46,45
57,47,55,51,35
57,49,44,38,53
57,51,56,55,57
57,51,77,72,46
57,52,46,57,73
57,54,62,39,75
57,55,63,68,52
57,56,55,52,65
57,58,60,63,53
57,60,61,47,56
57,60,64,57,91
57,60,65,53,64
57,61,59,62,66
57,61,64,87,69
57,64,76,145,40
57,73,70,77,105
57,74,57,98,25
57,74,84,101,100
57,76,68,55,74
57,79,79,63,72
57,79,115,123,79
58,25,53,56,51
58,34,59,93,93
58,42,24,42,84
58,46,43,45,37
58,48,57,80,38
58,51,54,64,51
58,53,50,46,35
58,53,51,63,97
58,56,56,61,35
58,57,43,102,38
58,57,53,61,9
58,57,62,59,23
58,58,85,64,72
58,59,59,60,45
58,61,65,68,39
58,62,65,82,91
58,65,79,65,120
58,66,54,51,54
58,68,80,75,77
58,69,112,111,60
58,71,92,85,62
58,75,69,98,54
58,77,66,48,56
58,79,41,58,77
58,88,72,77,95
58,101,145,154,58
59,29,26,46,58
59,34,21,16,65
59,45,65,78,59
59,46,50,48,59
59,47,67,36,45
59,50,67,55,51
59,56,55,45,44
59,58,66,82,70
59,58,70,60,60
59,59,81,109,74
59,59,83,71,58
59,60,75,102,59
59,60,88,97,52
59,63,83,76,77
59,63,86,59,53
59,64,57,106,67
59,64,59,39,79
59,64,90,56,35
59,64,101,93,96
59,66,46,116,66
59,66,52,107,61
59,67,65,66,60
59,70,79,80,81
59,72,71,81,67
59,72,87,80,62
59,77,81,59,116
59,79,50,85,89
59,79,79,76,67
59,95,105,102,89
59,110,86,49,54
60,31,47,59,61
60,34,45,41,0
60,35,35,79,66
60,43,29,51,36
60,52,57,46,85
60,52,61,110,80
60,53,35,40,60
60,54,41,29,61
60,55,62,51,51
60,57,42,50,55
60,57,44,41,65
60,60,55,52,61
60,61,60,55,65
60,61,81,34,37
60,66,69,66,68
60,67,27,32,57
60,68,60,94,83
60,70,78,62,23
60,70,79,100,69
60,75,65,70,51
60,82,82,102,64
60,88,128,128,65
60,117,94,146,66
61,36,51,37,61
61,42,34,21,44
61,47,33,46,41
61,55,37,82,60
61,56,71,73,65
61,58,57,71,72
61,58,62,68,67
61,62,66,71,71
61,63,42,62,66
61,64,56,68,80
61,64,71,104,59
61,65,53,56,99
61,66,96,97,59
61,68,86,46,33
61,70,64,77,137
61,70,65,82,112
61,74,95,87,68
61,78,85,105,70
61,79,72,52,66
61,83,102,76,91
61,86,68,70,53
61,95,87,83,117
62,44,50,73,66
62,46,54,80,82
62,50,42,28,87
62,53,50,51,64
62,55,59,49,62
62,57,73,76,47
62,60,59,59,67
62,61,81,87,41
62,65,29,63,81
62,65,66,68,47
62,66,92,113,65
62,67,80,111,85
62,67,85,93,86
62,68,74,77,57
62,69,54,60,78
62,70,80,93,63
62,71,56,88,48
62,71,97,83,95
62,75,72,82,56
62,81,69,68,63
62,81,74,99,65
62,83,44,67,65
62,89,78,73,57
62,89,94,89,41
62,98,92,91,98
62,128,105,91,64
63,48,58,79,93
63,49,40,29,67
63,52,70,68,68
63,55,84,82,82
63,57,58,66,73
63,58,69,60,69
63,58,101,80,84
63,59,53,59,63
63,62,64,69,81
63,63,64,66,64
63,64,94,75,96
63,67,69,54,15
63,69,71,68,94
63,72,78,92,73
63,72,80,68,72
63,73,60,64,77
63,75,63,76,75
63,75,63,77,78
63,75,116,123,63
63,77,122,134,54
63,84,145,143,112
63,87,93,71,73
63,92,89,116,88
63,98,159,161,64
63,154,129,112,95
64,45,53,73,105
64,52,86,96,117
64,56,42,47,56
64,57,65,65,75
64,60,91,98,92
64,62,36,38,56
64,63,37,51,55
64,64,85,107,64
64,65,66,53,63
64,66,66,50,55
64,66,87,183,59
64,73,65,63,65
64,74,80,64,62
64,79,95,46,55
64,83,72,70,75
64,90,112,70,65
64,93,79,88,77
64,97,124,107,81
64,99,131,131,156
65,40,55,65,79
65,47,54,57,40
65,48,80,121,27
65,56,57,61,71
65,59,67,61,57
65,59,73,51,48
65,60,46,70,54
65,60,58,63,186
65,60,85,64,49
65,62,56,68,76
65,62,67,62,65
65,62,79,54,162
65,63,67,51,51
65,68,58,35,39
65,69,104,88,67
65,70,31,9,46
65,71,45,16,58
65,72,79,77,47
65,75,75,70,87
65,78,68,111,67
65,79,73,72,61
65,94,76,90,81
65,95,78,94,95
65,96,120,86,70
65,98,94,98,48
66,32,54,41,42
66,34,51,61,34
66,46,19,29,80
66,48,47,49,57
66,48,73,54,74
66,50,67,107,146
66,52,45,43,122
66,54,47,45,69
66,54,80,78,87
66,55,42,47,59
66,55,63,82,78
66,61,37,58,86
66,62,65,64,74
66,63,60,60,54
66,64,74,59,88
66,65,41,22,129
66,65,48,59,72
66,65,62,60,65
66,66,39,35,34
66,66,61,73,54
66,67,68,77,65
66,67,69,71,62
66,68,73,81,104
66,69,67,68,68
66,69,78,60,75
66,70,60,48,68
66,73,63,69,74
66,73,75,77,70
66,74,68,54,107
66,74,78,58,47
66,78,83,81,88
66,79,90,103,72
66,83,59,43,51
66,85,48,69,72
66,85,86,94,98
66,86,81,148,63
66,86,87,81,65
66,89,106,101,87
66,97,139,133,71
66,98,77,83,60
67,30,50,37,89
67,54,77,61,102
67,56,61,62,85
67,59,65,61,73
67,60,80,36,74
67,65,76,84,78
67,66,21,22,46
67,67,65,64,82
67,67,68,69,67
67,68,69,69,63
67,71,73,74,68
67,74,76,82,70
67,75,113,141,93
67,78,88,88,83
67,80,88,72,100
67,82,88,83,21
67,87,60,73,69
67,90,93,78,59
67,93,84,76,49
67,95,74,23,93
67,100,91,100,42
67,112,101,82,98
67,127,132,113,62
68,46,81,71,57
68,56,96,97,77
68,59,67,46,76
68,64,44,43,77
68,65,64,66,62
68,66,26,41,82
68,68,66,67,68
68,69,68,67,69
68,72,74,91,66
68,72,76,78,67
68,73,81,86,75
68,74,112,124,103
68,75,73,38,76
68,76,94,64,50
68,80,68,51,74
68,83,118,170,63
68,84,73,67,63
68,85,59,24,116
68,85,133,135,83
68,86,73,75,73
68,89,77,70,52
68,90,61,71,95
68,90,101,84,83
68,91,113,120,44
68,94,76,60,81
68,104,129,130,77
69,52,62,41,67
69,55,51,86,63
69,55,62,63,69
69,57,65,62,72
69,58,67,57,174
69,62,60,51,42
69,62,83,66,92
69,63,46,47,67
69,63,69,69,49
69,63,81,86,76
69,64,76,63,76
69,65,92,78,51
69,65,102,110,86
69,68,63,80,91
69,73,83,63,77
69,77,72,71,44
69,77,81,80,73
69,79,93,124,72
69,80,108,132,61
69,80,123,119,66
69,83,76,82,66
69,86,77,79,65
69,90,50,38,76
69,90,74,74,82
69,92,99,110,106
69,95,89,83,62
69,98,91,108,38
70,26,61,95,44
70,36,19,29,71
70,58,76,58,72
70,61,66,50,58
70,63,71,104,74
70,64,78,86,54
70,64,109,103,58
70,66,63,61,66
70,66,72,68,57
70,68,73,71,86
70,69,98,132,75
70,72,69,74,66
70,76,68,67,83
70,76,71,81,73
70,76,88,83,96
70,77,91,87,70
70,78,72,73,59
70,79,70,112,72
70,81,82,98,94
70,84,70,84,61
70,91,117,103,73
70,93,101,84,118
70,94,65,43,72
70,96,60,50,72
70,100,83,89,75
70,111,87,136,75
70,113,64,66,75
70,114,86,69,111
70,116,119,111,101
70,182,190,188,171
71,38,69,78,98
71,46,64,70,78
71,49,55,65,78
71,52,93,84,79
71,56,59,72,73
71,57,59,49,35
71,60,53,54,52
71,60,62,69,61
71,61,37,91,87
71,62,65,62,85
71,62,109,122,69
71,63,50,50,52
71,64,97,86,97
71,65,82,75,68
71,67,50,52,64
71,68,75,46,74
71,68,123,79,76
71,69,76,80,80
71,70,80,96,78
71,70,92,68,72
71,71,67,71,54
71,71,74,77,67
71,73,67,69,78
71,73,69,69,68
71,75,78,102,30
71,76,105,114,75
71,77,123,144,56
71,78,83,103,62
71,80,94,93,99
71,81,65,63,65
71,82,89,112,72
71,85,93,106,71
71,85,107,93,80
71,87,91,83,103
71,87,103,94,0
71,91,79,55,40
71,92,100,88,74
71,131,109,67,73
71,138,99,102,62
72,38,59,64,20
72,50,64,62,78
72,52,71,64,97
72,55,44,56,79
72,60,68,25,51
72,61,67,62,67
72,63,64,83,45
72,64,97,103,64
72,65,31,50,81
72,65,54,50,94
72,66,66,77,73
72,66,69,67,58
72,67,74,72,66
72,72,89,72,124
72,73,71,80,76
72,73,76,80,62
72,74,41,39,98
72,74,60,59,70
72,74,73,75,67
72,76,62,66,77
72,77,98,110,97
72,79,83,77,81
72,81,88,91,148
72,83,75,79,68
72,84,65,63,67
72,84,78,56,64
72,84,93,96,31
72,92,107,85,41
72,95,99,153,103
73,46,78,98,56
73,59,67,72,81
73,62,60,90,69
73,63,51,42,63
73,64,65,56,76
73,68,58,61,68
73,68,69,96,65
73,68,76,79,66
73,69,81,117,68
73,70,38,70,78
73,70,67,71,70
73,70,94,134,72
73,72,73,74,70
73,72,75,65,113
73,73,58,61,108
73,73,62,83,66
73,73,82,75,74
73,74,51,55,80
73,74,59,65,66
73,77,63,74,68
73,78,74,67,83
73,79,94,109,84
73,81,59,95,61
73,81,74,72,81
73,84,63,77,94
73,85,55,64,64
73,88,104,91,89
73,88,142,162,140
73,98,76,55,94
73,98,93,83,82
73,117,60,59,72
73,118,122,110,85
73,127,168,182,77
73,128,82,129,97
73,135,114,66,64
74,28,57,101,88
74,41,14,13,62
74,46,89,121,104
74,51,80,38,89
74,64,54,62,84
74,64,70,100,127
74,65,58,58,94
74,65,63,88,28
74,66,95,82,82
74,72,69,60,89
74,73,74,80,79
74,74,75,74,73
74,80,86,81,68
74,82,77,77,73
74,84,96,77,67
74,85,80,34,48
74,85,101,95,89
74,85,130,106,89
74,93,87,74,77
74,93,101,68,113
74,94,122,140,95
74,98,91,99,88
74,101,100,86,105
74,101,122,142,54
74,104,130,125,62
74,109,103,127,84
74,117,122,81,80
75,52,39,64,75
75,53,47,51,86
75,59,55,54,77
75,59,103,82,70
75,62,58,79,108
75,68,60,53,70
75,68,65,62,65
75,70,58,91,81
75,70,66,79,73
75,72,68,63,67
75,72,77,86,67
75,73,50,75,50
75,73,69,62,79
75,73,79,25,24
75,76,71,71,64
75,76,82,76,93
75,77,69,80,70
75,77,80,92,68
75,77,87,82,70
75,78,69,110,66
75,78,75,69,186
75,79,70,104,100
75,79,72,75,81
75,80,49,63,70
75,80,81,85,74
75,82,90,123,110
75,89,76,73,83
75,89,81,72,76
75,92,97,91,86
75,94,86,84,64
75,98,126,108,106
75,111,86,78,92
75,127,96,87,82
76,43,41,55,59
76,47,42,50,0
76,51,57,41,60
76,53,22,30,83
76,61,58,60,70
76,62,80,109,98
76,63,79,93,84
76,65,91,74,104
76,68,65,98,73
76,72,59,48,65
76,73,73,74,88
76,73,86,88,87
76,76,74,115,84
76,76,99,108,84
76,77,76,78,69
76,78,72,77,85
76,79,70,66,79
76,79,78,81,80
76,80,82,54,164
76,80,82,79,90
76,80,88,105,81
76,81,101,138,101
76,83,83,75,94
76,84,78,75,85
76,86,81,84,96
76,87,137,107,98
76,89,89,84,86
76,95,116,147,100
76,97,85,96,72
76,121,162,145,86
76,149,154,157,86
77,35,64,59,116
77,48,24,78,67
77,49,93,78,70
77,50,35,44,45
77,51,85,87,71
77,58,50,64,100
77,63,64,70,69
77,63,104,84,54
77,66,102,82,76
77,67,69,69,74
77,71,98,78,79
77,72,77,83,60
77,73,145,203,82
77,74,65,69,79
77,74,97,77,188
77,75,82,113,77
77,78,74,62,66
77,78,78,78,69
77,78,87,84,82
77,79,109,88,63
77,80,86,96,70
77,82,92,103,104
77,83,60,87,81
77,83,82,77,63
77,83,94,89,64
77,87,85,82,55
77,88,48,72,98
77,89,97,97,109
77,92,93,94,67
77,98,75,96,109
77,102,85,53,65
77,118,35,39,80
77,120,113,128,76
78,39,31,27,68
78,39,38,81,68
78,61,58,55,66
78,61,74,81,67
78,62,90,53,95
78,68,75,66,82
78,73,149,164,61
78,74,74,73,79
78,75,62,80,95
78,75,70,80,74
78,75,94,83,80
78,77,70,68,56
78,77,81,64,66
78,78,67,57,64
78,78,67,71,78
78,78,80,78,69
78,78,84,99,88
78,79,74,71,67
78,79,78,81,70
78,79,89,88,177
78,80,90,79,111
78,81,219,238,77
78,82,83,79,81
78,83,83,83,74
78,84,92,89,89
78,85,73,45,76
78,85,73,93,107
78,85,74,82,73
78,85,75,81,71
78,85,83,96,81
78,86,123,160,72
78,88,76,64,97
78,93,107,113,77
78,94,116,80,50
78,97,55,60,70
78,97,137,135,88
78,121,146,110,116
78,139,157,163,154
79,36,64,91,43
79,60,74,87,98
79,65,46,57,78
79,66,40,28,69
79,70,52,72,100
79,70,90,54,94
79,72,77,91,36
79,73,59,49,205
79,75,95,92,92
79,79,79,80,71
79,81,81,83,101
79,84,87,82,85
79,85,74,65,64
79,90,66,74,58
79,90,97,58,53
79,96,123,138,93
79,101,103,67,86
79,107,108,103,82
79,108,76,78,69
79,112,124,116,87
79,113,98,77,68
79,123,101,96,102
80,52,47,25,83
80,52,79,87,74
80,55,98,56,85
80,57,63,84,48
80,58,64,88,80
80,62,63,56,112
80,63,95,106,22
80,67,66,67,65
80,69,96,86,109
80,71,62,73,84
80,71,68,68,75
80,71,78,87,121
80,73,57,52,78
80,75,70,67,92
80,77,77,79,72
80,77,92,89,95
80,77,100,118,104
80,78,89,84,73
80,78,95,88,75
80,80,75,82,115
80,80,78,82,78
80,80,82,88,80
80,81,67,79,71
80,81,84,85,106
80,81,86,92,122
80,82,78,85,74
80,83,85,82,56
80,84,64,98,80
80,84,84,89,75
80,85,86,92,38
80,87,97,128,80
80,87,107,97,88
80,88,76,59,90
80,88,77,69,94
80,88,95,56,87
80,89,46,54,63
80,90,97,114,84
80,93,81,114,62
80,94,100,106,81
80,95,90,67,184
80,95,98,78,91
80,97,91,82,101
80,98,121,75,100
80,100,76,84,78
80,104,71,61,74
80,106,68,52,90
80,107,131,138,87
80,113,94,65,80
80,117,105,99,81
80,121,129,129,119
80,145,100,112,77
80,150,159,166,63
81,46,43,36,82
81,48,50,62,47
81,59,46,57,62
81,66,67,53,58
81,70,37,66,56
81,72,39,55,58
81,73,70,81,89
81,73,93,135,91
81,73,95,98,83
81,75,82,77,52
81,75,83,84,78
81,75,97,93,83
81,76,59,53,57
81,76,69,74,90
81,76,84,77,71
81,79,77,77,82
81,79,81,83,79
81,80,64,73,90
81,80,81,92,91
81,80,98,64,76
81,81,77,79,66
81,81,81,81,79
81,81,82,82,82
81,81,97,74,91
81,82,81,82,175
81,83,67,85,72
81,83,72,93,76
81,83,103,50,73
81,84,85,85,83
81,85,88,170,75
81,86,95,95,92
81,87,72,67,61
81,87,95,86,77
81,89,111,107,89
81,96,121,122,53
81,96,135,107,85
81,97,105,84,78
81,98,77,77,74
81,98,101,109,95
81,133,146,125,134
81,136,93,124,65
82,27,44,51,96
82,48,43,23,91
82,53,68,76,71
82,54,57,38,89
82,61,67,58,102
82,65,70,85,97
82,70,53,82,84
82,73,68,62,67
82,74,69,87,92
82,75,143,109,105
82,78,76,79,64
82,79,79,82,87
82,79,86,139,101
82,80,70,75,79
82,80,78,76,82
82,80,82,93,74
82,81,81,84,83
82,81,82,57,90
82,82,81,75,102
82,82,85,81,82
82,84,92,110,78
82,85,88,92,99
82,86,80,72,87
82,87,79,74,55
82,87,88,91,78
82,88,58,72,90
82,88,83,76,77
82,88,85,81,76
82,88,86,104,83
82,88,100,102,119
82,91,92,83,107
82,91,107,103,92
82,95,75,89,80
82,97,102,82,85
82,98,108,103,103
82,100,76,83,80
82,101,97,92,81
82,133,85,45,113
82,134,123,137,105
83,53,71,89,77
83,64,36,62,78
83,67,72,68,81
83,71,87,51,49
83,75,55,54,85
83,75,72,79,79
83,75,73,80,147
83,76,87,97,98
83,78,82,80,90
83,81,79,77,92
83,81,81,83,81
83,81,83,82,83
83,81,83,91,64
83,81,85,66,57
83,81,85,95,92
83,84,85,113,69
83,84,89,89,94
83,86,101,94,73
83,87,86,85,196
83,88,70,51,46
83,88,90,74,81
83,89,84,83,136
83,91,79,84,78
83,94,104,107,77
83,95,100,75,80
83,96,83,71,115
83,98,74,50,60
83,98,76,81,75
83,101,102,89,84
83,114,111,108,81
83,121,154,159,101
83,141,124,135,129
84,44,29,81,67
84,48,47,31,87
84,50,91,109,131
84,63,55,81,111
84,63,69,89,110
84,64,70,83,0
84,64,72,78,79
84,70,68,69,71
84,70,73,73,82
84,70,81,91,92
84,71,62,52,79
84,75,78,78,79
84,76,89,88,90
84,76,112,87,75
84,81,104,118,89
84,82,75,65,82
84,82,79,96,80
84,83,81,81,64
84,88,89,90,99
84,88,91,89,99
84,89,85,94,87
84,92,96,182,81
84,93,89,87,79
84,93,93,68,27
84,93,105,107,87
84,94,87,95,104
84,94,90,120,94
84,95,105,102,91
84,100,109,153,85
84,102,81,85,74
84,104,95,73,91
84,105,61,97,87
84,108,83,111,89
84,123,132,127,100
84,126,107,133,145
85,54,51,49,87
85,59,54,33,82
85,61,52,70,135
85,69,81,90,84
85,71,98,100,83
85,75,75,80,197
85,76,89,92,130
85,77,80,81,80
85,77,110,131,76
85,79,117,136,82
85,80,80,89,74
85,80,84,97,92
85,81,59,103,120
85,81,68,54,48
85,81,78,82,84
85,82,79,69,109
85,82,79,80,98
85,83,83,78,91
85,83,86,70,91
85,84,85,85,81
85,84,96,92,90
85,84,110,122,71
85,84,124,138,132
85,85,84,81,96
85,85,85,89,86
85,85,86,85,78
85,86,88,114,71
85,87,88,91,145
85,88,79,86,123
85,88,85,81,84
85,88,86,87,65
85,89,113,114,90
85,90,83,81,113
85,91,165,128,96
85,93,83,89,124
85,93,96,81,121
85,94,93,100,155
85,95,71,52,65
85,96,98,105,71
85,97,80,43,127
85,97,80,94,90
85,98,77,55,89
85,98,83,82,50
85,115,111,76,104
85,126,209,198,87
85,127,103,75,72
85,129,116,74,78
85,131,136,145,86
85,173,151,114,113
86,61,69,83,81
86,71,84,79,46
86,74,62,60,68
86,74,103,148,68
86,75,43,28,55
86,76,70,97,98
86,76,76,72,61
86,76,83,69,80
86,78,103,70,66
86,80,104,89,109
86,81,53,70,77
86,82,51,64,78
86,82,67,81,107
86,82,77,67,121
86,84,67,102,66
86,84,79,86,101
86,84,108,117,97
86,85,92,98,88
86,86,90,100,97
86,88,132,108,93
86,89,71,94,62
86,89,84,94,98
86,90,87,82,103
86,90,105,61,143
86,91,87,88,94
86,92,102,100,117
86,93,96,92,76
86,93,100,146,84
86,98,102,117,123
86,104,84,84,68
86,105,135,102,100
86,109,97,82,73
86,126,84,92,111
86,177,225,222,171
87,47,67,94,107
87,56,68,64,85
87,58,72,68,90
87,59,61,76,78
87,60,63,73,99
87,63,60,53,70
87,72,103,132,100
87,75,71,82,77
87,77,64,62,71
87,77,74,81,98
87,79,70,61,73
87,79,75,96,85
87,79,83,89,98
87,80,81,71,56
87,80,89,89,100
87,82,73,89,93
87,82,79,73,102
87,83,86,77,79
87,83,90,82,85
87,83,96,106,73
87,84,90,95,88
87,85,58,82,83
87,86,91,96,83
87,88,88,99,94
87,88,109,105,95
87,89,85,86,98
87,90,74,59,76
87,91,93,98,87
87,93,80,76,105
87,93,89,101,98
87,94,113,125,91
87,96,101,97,85
87,98,105,109,87
87,100,88,93,115
87,101,133,93,74
87,104,114,115,87
87,106,92,92,88
87,110,100,128,77
87,127,155,120,119
88,48,22,21,93
88,52,87,95,71
88,55,75,68,60
88,64,71,72,70
88,68,76,97,110
88,76,82,93,87
88,76,119,87,75
88,77,68,63,92
88,78,68,58,95
88,79,115,115,68
88,81,86,89,100
88,81,97,78,86
88,82,100,104,84
88,83,82,91,88
88,84,96,85,87
88,85,96,98,92
88,86,71,90,94
88,87,90,86,94
88,89,83,86,75
88,89,87,92,95
88,90,70,70,2
88,90,73,75,86
88,91,84,62,118
88,91,94,96,83
88,92,108,90,126
88,92,116,121,89
88,93,92,100,91
88,93,93,99,100
88,94,58,53,74
88,95,110,112,104
88,96,95,109,100
88,100,122,114,81
88,105,100,49,112
88,105,108,108,105
88,108,102,92,90
88,133,110,114,70
88,145,151,135,138
89,54,40,38,80
89,61,47,24,83
89,75,77,102,92
89,78,72,84,96
89,81,42,56,61
89,82,67,64,89
89,83,83,85,110
89,83,87,100,89
89,83,102,106,91
89,83,119,68,115
89,84,80,62,66
89,84,87,87,89
89,84,103,108,107
89,88,81,90,89
89,88,99,111,95
89,89,77,74,89
89,89,79,93,82
89,89,118,83,89
89,90,73,87,83
89,91,87,83,97
89,91,88,83,95
89,91,98,98,96
89,92,79,71,83
89,92,129,138,91
89,93,95,94,91
89,94,110,110,89
89,94,127,170,77
89,95,104,108,102
89,96,106,92,101
89,97,118,129,187
89,98,97,92,76
89,100,106,101,105
89,105,98,66,89
89,106,122,128,71
89,107,94,77,96
89,107,107,125,63
89,108,96,96,89
89,117,117,125,84
89,135,151,137,109
89,136,139,183,68
90,52,66,31,71
90,70,87,90,97
90,70,113,98,97
90,73,77,81,78
90,78,75,89,127
90,79,88,74,83
90,79,92,113,104
90,80,88,109,80
90,81,83,82,89
90,83,72,81,111
90,84,87,92,106
90,86,75,86,106
90,86,91,93,85
90,87,81,73,85
90,87,87,87,85
90,87,102,131,71
90,91,82,88,73
90,91,91,87,103
90,91,95,93,82
90,94,76,57,84
90,94,103,111,199
90,94,104,104,107
90,95,80,93,82
90,95,88,92,103
90,95,93,84,88
90,95,95,90,230
90,101,89,82,95
90,102,91,86,79
90,102,92,81,99
90,102,110,113,86
90,103,119,103,125
90,108,89,105,136
90,109,133,139,79
90,113,111,111,94
90,123,107,108,73
90,137,112,107,57
91,50,45,70,74
91,59,57,85,88
91,66,70,79,83
91,71,67,81,72
91,72,68,74,92
91,75,55,53,101
91,75,75,48,83
91,76,111,98,84
91,78,86,110,88
91,81,72,85,82
91,83,85,90,96
91,84,76,74,92
91,85,105,130,92
91,87,76,85,95
91,87,104,69,92
91,87,123,119,101
91,89,88,86,69
91,90,83,76,90
91,91,97,93,89
91,92,123,101,74
91,93,90,93,94
91,93,95,91,96
91,93,97,101,99
91,95,88,92,87
91,95,94,126,107
91,95,98,100,91
91,95,114,119,128
91,96,99,102,127
91,97,78,85,98
91,97,91,90,118
91,98,96,99,104
91,98,97,101,94
91,100,90,85,83
91,102,102,107,97
91,114,114,107,82
91,132,66,74,104
91,168,193,195,131
92,52,106,58,109
92,64,56,63,98
92,66,55,56,76
92,69,76,118,83
92,74,72,80,83
92,80,95,83,68
92,83,89,90,101
92,84,91,92,70
92,87,97,85,101
92,88,85,87,176
92,89,79,78,95
92,90,88,66,87
92,91,92,78,51
92,91,100,106,106
92,94,99,104,92
92,94,100,110,106
92,94,103,113,88
92,95,90,80,83
92,95,113,110,114
92,96,91,98,101
92,97,95,97,80
92,99,90,108,72
92,101,101,93,110
92,101,110,103,85
92,107,121,129,88
92,108,119,126,77
92,110,184,174,76
92,112,141,83,99
92,114,107,101,75
92,115,153,117,100
92,118,97,95,105
92,119,97,139,83
92,131,119,101,56
92,143,150,119,135
92,196,175,166,114
93,27,92,103,81
93,68,59,88,98
93,71,65,70,119
93,72,50,77,65
93,76,73,70,92
93,79,88,66,102
93,82,80,81,83
93,82,89,84,75
93,82,96,102,96
93,86,41,61,63
93,86,96,96,102
93,87,78,81,86
93,88,90,85,96
93,89,82,101,108
93,89,92,74,85
93,90,88,84,101
93,91,85,60,71
93,92,68,92,103
93,92,114,72,89
93,93,91,91,97
93,94,87,93,87
93,94,98,95,85
93,96,98,106,133
93,96,102,79,78
93,98,78,75,147
93,98,104,168,139
93,98,106,75,97
93,101,96,94,78
93,101,113,108,105
93,106,78,59,179
93,107,71,156,107
93,107,84,115,79
93,107,119,123,98
93,118,90,91,79
93,120,139,146,97
93,127,247,247,90
94,32,37,47,111
94,72,78,65,74
94,80,81,85,63
94,80,85,89,106
94,82,77,75,82
94,84,76,76,96
94,84,77,73,91
94,86,89,88,106
94,88,76,73,63
94,88,85,91,109
94,88,109,104,93
94,90,88,78,117
94,91,82,75,97
94,91,92,150,156
94,91,122,119,98
94,92,110,69,128
94,93,85,86,92
94,93,93,96,96
94,95,91,87,89
94,96,113,135,91
94,97,90,98,92
94,99,99,93,108
94,105,102,72,48
94,108,63,26,94
94,114,100,97,75
94,115,113,114,109
94,115,118,167,100
94,118,105,76,84
94,128,85,73,90
94,131,100,129,78
95,56,41,69,98
95,64,66,94,54
95,72,68,73,96
95,75,70,57,91
95,77,86,53,104
95,77,126,105,94
95,80,78,80,91
95,83,93,60,123
95,83,137,119,84
95,84,101,117,73
95,85,78,76,86
95,85,89,80,109
95,86,77,73,78
95,88,101,160,135
95,89,81,71,72
95,90,126,112,116
95,91,86,93,108
95,92,89,93,79
95,93,139,169,87
95,94,92,100,112
95,94,97,127,63
95,95,92,81,91
95,95,96,91,83
95,98,76,81,83
95,98,91,89,90
95,100,89,77,88
95,101,76,99,78
95,103,110,123,105
95,105,69,44,103
95,106,139,148,75
95,127,128,179,123
95,128,130,114,104
96,62,86,77,112
96,68,93,122,61
96,72,66,72,123
96,78,82,70,79
96,83,90,76,85
96,84,66,71,97
96,88,123,151,128
96,90,91,91,96
96,90,93,125,123
96,91,88,92,87
96,91,95,99,94
96,91,96,88,89
96,91,99,90,97
96,91,114,86,125
96,92,92,86,95
96,93,90,92,104
96,93,91,90,98
96,93,93,92,43
96,96,100,146,83
96,97,96,98,89
96,97,103,105,102
96,98,99,105,88
96,99,88,89,109
96,100,91,80,113
96,100,91,107,106
96,101,69,79,94
96,101,85,80,93
96,103,150,195,93
96,108,88,126,86
96,114,102,81,110
96,114,128,145,73
96,116,115,112,84
96,118,122,123,118
96,122,127,124,99
96,133,130,101,107
96,176,201,191,79
97,53,52,81,85
97,67,75,79,93
97,70,46,68,102
97,75,69,63,93
97,77,67,76,100
97,80,93,95,88
97,85,89,71,125
97,86,62,81,106
97,88,109,99,46
97,91,98,122,83
97,91,108,114,118
97,92,92,81,109
97,92,92,90,86
97,92,102,109,116
97,93,91,91,91
97,95,84,47,106
97,98,98,92,94
97,98,100,105,81
97,101,68,89,103
97,101,98,100,76
97,101,98,102,101
97,103,100,103,102
97,105,84,174,98
97,105,109,117,128
97,107,143,118,88
97,111,95,103,105
97,111,109,100,104
97,111,120,123,98
97,111,132,84,89
97,113,111,168,90
97,124,142,158,158
97,146,129,97,90
98,69,92,72,64
98,73,89,104,137
98,76,51,87,74
98,79,90,107,96
98,84,62,62,49
98,84,101,103,83
98,92,110,120,119
98,94,63,45,92
98,94,65,71,43
98,95,53,121,71
98,96,86,94,87
98,98,91,99,127
98,100,88,96,110
98,100,97,102,87
98,101,91,85,95
98,103,88,105,103
98,106,91,73,121
98,108,97,66,116
98,111,124,119,102
98,111,186,204,97
98,117,100,112,71
98,143,135,131,95
99,74,78,74,80
99,79,79,88,101
99,79,128,108,90
99,80,77,100,112
99,82,75,74,113
99,82,86,68,81
99,84,80,90,92
99,90,74,87,49
99,90,88,90,95
99,91,86,76,96
99,91,86,90,105
99,91,89,94,101
99,91,109,107,85
99,92,76,86,55
99,92,92,53,97
99,92,95,50,98
99,96,83,83,85
99,96,96,72,104
99,98,110,114,108
99,99,91,91,100
99,105,102,103,101
99,105,109,106,84
99,106,116,113,90
99,107,117,121,103
99,111,107,98,63
99,117,137,132,123
99,121,96,150,98
99,123,115,110,92
99,124,125,140,164
99,125,111,93,118
99,125,132,97,107
99,130,124,87,86
99,130,146,133,107
99,131,136,149,95
99,133,95,88,112
99,136,164,171,138
99,148,197,166,110
100,50,55,75,72
100,58,116,88,98
100,72,28,32,51
100,74,51,66,77
100,83,82,43,89
100,85,149,224,90
100,89,81,76,103
100,90,96,89,108
100,90,103,117,126
100,92,97,81,101
100,93,114,119,111
100,94,93,117,59
100,95,106,94,104
100,98,102,86,97
100,100,95,72,87
100,100,99,104,103
100,102,95,91,122
100,105,111,111,96
100,106,103,103,108
100,108,115,126,117
100,113,134,195,102
100,114,102,87,143
100,116,122,128,127
100,119,86,56,111
100,119,114,123,101
100,122,127,112,109
100,125,128,131,120
100,156,98,109,70
101,69,51,62,111
101,75,73,83,111
101,76,65,46,78
101,76,90,100,93
101,79,106,76,83
101,82,47,100,103
101,83,80,75,87
101,86,101,85,101
101,89,86,97,111
101,90,93,78,95
101,92,82,108,81
101,96,92,97,110
101,97,105,83,119
101,98,83,66,113
101,98,105,112,116
101,98,110,132,108
101,98,167,142,51
101,101,108,112,100
101,101,122,130,86
101,103,100,118,108
101,106,104,104,96
101,109,111,106,104
101,110,121,141,152
101,111,98,119,97
101,117,98,94,110
101,124,108,121,112
101,125,141,136,121
101,132,134,138,118
101,133,159,155,144
102,73,94,106,94
102,76,82,70,127
102,78,82,51,79
102,80,89,116,104
102,83,87,84,68
102,85,90,85,69
102,85,106,87,68
102,88,76,72,91
102,92,83,92,125
102,95,74,67,95
102,96,91,118,91
102,98,88,98,98
102,98,92,84,84
102,100,92,105,103
102,104,98,95,113
102,104,100,87,139
102,108,158,131,110
102,110,122,115,101
102,119,100,131,108
102,123,121,99,119
102,123,138,138,132
102,134,113,114,89
103,53,65,39,92
103,64,80,94,111
103,72,100,88,104
103,79,84,76,96
103,81,51,55,0
103,83,96,117,105
103,92,117,109,140
103,96,88,86,78
103,99,54,69,116
103,100,101,102,119
103,100,101,104,107
103,100,123,124,100
103,105,98,90,109
103,107,104,106,92
103,108,114,133,102
103,108,138,128,127
103,110,115,107,93
103,111,108,111,121
103,112,113,116,100
103,113,127,113,97
103,113,157,216,103
103,114,91,98,103
103,116,113,116,100
103,119,87,23,114
103,119,138,125,76
103,123,140,93,81
103,129,133,132,98
103,130,120,155,119
103,131,191,191,145
104,56,75,114,89
104,69,61,72,51
104,84,94,92,81
104,85,90,95,105
104,86,93,114,134
104,86,149,171,99
104,89,85,73,94
104,97,83,101,104
104,100,103,103,98
104,100,113,102,83
104,102,95,93,104
104,103,99,96,88
104,106,116,119,127
104,107,100,97,90
104,107,101,111,112
104,107,111,110,209
104,108,112,119,110
104,111,105,123,238
104,112,101,73,103
104,117,120,117,86
104,120,111,70,106
104,121,103,79,104
104,123,115,117,96
104,125,108,105,93
104,128,148,157,116
105,66,81,106,85
105,68,35,55,103
105,73,27,71,114
105,76,116,116,113
105,77,108,137,92
105,82,60,74,160
105,83,60,68,95
105,89,85,93,229
105,92,111,116,103
105,93,94,83,111
105,96,91,92,95
105,96,109,95,113
105,96,109,115,111
105,97,99,80,91
105,98,99,78,85
105,98,102,113,116
105,99,98,96,112
105,99,109,114,103
105,101,98,90,89
105,102,81,88,93
105,103,99,92,88
105,104,93,86,50
105,104,107,82,135
105,111,116,116,75
105,111,133,74,112
105,112,112,115,122
105,114,133,137,90
105,117,121,121,92
105,120,118,120,115
105,120,139,155,110
105,123,117,88,66
105,123,171,132,126
105,126,133,136,109
105,130,137,132,133
105,161,90,98,117
105,176,185,191,106
106,72,44,67,93
106,72,76,92,94
106,81,65,66,98
106,81,100,121,117
106,90,86,59,106
106,97,98,104,98
106,98,105,92,84
106,102,94,98,106
106,102,110,124,105
106,103,103,98,74
106,105,125,135,93
106,106,99,98,107
106,109,123,106,105
106,110,157,162,110
106,112,117,115,103
106,114,120,115,91
106,115,129,137,118
106,120,135,111,85
106,125,119,131,115
106,125,125,116,130
106,130,121,114,104
106,139,150,153,90
106,140,132,104,121
106,149,86,106,98
106,162,207,196,124
107,42,42,83,133
107,71,95,69,116
107,80,86,88,89
107,83,79,108,96
107,90,50,33,107
107,92,94,86,87
107,92,126,107,122
107,97,82,68,94
107,97,105,103,101
107,98,101,91,115
107,99,151,108,159
107,100,114,121,90
107,101,80,101,116
107,103,97,90,92
107,104,109,91,115
107,108,111,120,101
107,109,109,113,121
107,109,118,128,76
107,110,97,91,96
107,111,119,129,159
107,115,119,114,117
107,116,108,116,103
107,117,110,111,104
107,122,154,157,154
107,124,114,106,124
107,125,144,143,131
107,129,96,70,95
107,130,137,141,100
107,143,167,146,116
108,56,61,72,66
108,62,27,31,109
108,67,78,79,91
108,84,75,82,110
108,94,98,100,96
108,96,78,95,80
108,96,95,90,103
108,97,84,88,78
108,97,100,121,227
108,97,115,138,128
108,99,95,94,88
108,102,134,141,143
108,104,108,101,114
108,106,123,116,110
108,107,101,98,101
108,110,116,104,110
108,112,101,94,45
108,112,104,100,141
108,112,109,117,76
108,113,99,102,131
108,114,91,67,101
108,115,98,75,57
108,117,115,114,108
108,125,115,127,137
108,129,139,126,133
108,136,154,171,152
108,144,145,90,136
108,181,153,65,66
109,78,53,56,86
109,86,110,120,113
109,92,86,81,92
109,94,91,90,106
109,96,88,60,113
109,98,120,121,98
109,99,82,75,79
109,99,117,122,121
109,102,86,95,108
109,103,104,110,103
109,104,84,83,114
109,106,106,92,99
109,107,88,100,115
109,107,129,224,120
109,109,100,83,101
109,109,143,140,115
109,110,104,101,108
109,111,142,157,142
109,112,107,110,98
109,114,122,89,85
109,115,113,112,106
109,115,170,171,124
109,128,110,60,100
109,129,173,212,155
109,136,206,218,133
109,145,120,99,147
109,182,188,118,162
110,81,74,85,70
110,88,107,115,112
110,93,94,106,105
110,95,89,109,121
110,95,105,88,97
110,97,80,65,126
110,97,81,102,103
110,101,84,90,109
110,104,97,93,74
110,104,100,98,100
110,104,109,100,122
110,105,105,113,130
110,107,98,120,76
110,107,106,106,99
110,110,117,120,122
110,116,124,127,121
110,117,118,131,111
110,126,152,119,111
110,127,115,120,118
110,129,110,129,106
110,136,116,97,141
110,146,126,122,103
111,58,68,60,144
111,77,77,111,36
111,85,107,112,103
111,88,87,91,110
111,95,89,96,89
111,96,92,95,104
111,102,91,98,90
111,102,99,80,95
111,103,100,117,93
111,105,103,97,105
111,106,97,102,95
111,107,106,117,130
111,108,119,107,197
111,111,99,92,102
111,111,108,110,122
111,112,117,110,104
111,112,117,121,112
111,115,118,95,113
111,118,124,113,115
111,119,122,142,163
111,119,133,117,144
111,121,123,122,116
111,123,119,104,128
111,126,119,145,97
111,132,92,100,144
111,137,135,157,110
111,163,195,201,164
111,169,113,73,107
112,44,40,41,125
112,84,112,86,161
112,85,91,103,112
112,86,87,115,60
112,87,109,119,124
112,88,72,70,111
112,89,103,156,108
112,91,108,110,118
112,91,131,89,81
112,96,72,77,67
112,96,92,80,102
112,99,110,131,105
112,104,97,93,103
112,104,145,118,123
112,105,110,101,106
112,107,112,108,121
112,108,115,136,101
112,109,84,78,130
112,110,98,81,96
112,110,106,95,115
112,110,112,85,114
112,112,111,111,124
112,115,76,56,89
112,115,77,141,130
112,115,87,72,124
112,117,117,117,131
112,117,135,138,109
112,119,118,103,112
112,124,114,124,119
112,126,111,100,129
112,128,126,124,131
112,130,133,111,112
112,131,133,94,112
112,131,144,151,108
112,142,174,168,139
112,144,166,129,153
113,45,20,59,73
113,73,81,118,95
113,93,101,121,112
113,95,101,126,104
113,96,80,82,118
113,102,91,75,91
113,102,101,91,50
113,103,117,107,129
113,104,122,123,189
113,106,94,91,107
113,107,113,114,76
113,108,50,50,94
113,109,81,95,117
113,112,104,101,103
113,113,105,113,78
113,116,87,87,119
113,120,110,92,114
113,122,119,111,128
113,122,130,132,113
113,123,123,98,114
113,124,113,133,112
113,128,108,106,138
113,128,121,97,119
113,128,152,119,126
113,144,103,127,112
113,147,153,143,129
114,70,83,92,124
114,82,95,120,101
114,98,62,72,111
114,98,157,133,52
114,99,94,119,100
114,103,98,80,115
114,105,88,96,112
114,105,108,114,122
114,106,99,98,101
114,109,100,85,8
114,110,103,99,87
114,114,115,120,119
114,114,119,109,117
114,116,111,114,118
114,116,114,114,118
114,117,112,100,130
114,117,127,148,141
114,118,120,177,124
114,121,119,115,108
114,122,146,132,104
114,124,133,132,100
114,125,105,91,114
114,145,156,161,142
114,161,107,137,144
115,65,61,65,116
115,80,86,98,76
115,100,70,99,102
115,103,106,100,66
115,109,109,82,112
115,111,119,116,238
115,114,99,90,131
115,115,100,107,125
115,116,116,125,108
115,120,99,90,115
115,124,145,114,201
115,128,122,109,109
115,129,115,100,73
115,129,137,140,84
115,148,142,155,90
115,150,142,106,148
115,180,190,178,129
116,55,85,103,74
116,82,49,40,144
116,84,85,91,85
116,89,94,131,140
116,98,103,118,97
116,100,76,78,106
116,105,67,69,148
116,105,100,116,117
116,110,96,90,148
116,110,114,113,92
116,111,155,136,114
116,115,115,113,116
116,116,115,112,126
116,117,127,107,122
116,119,124,134,114
116,121,123,121,104
116,122,133,104,108
116,125,133,133,112
116,131,115,116,118
116,135,143,128,157
116,149,138,155,116
116,152,99,103,94
117,94,131,115,75
117,101,99,124,108
117,104,92,53,112
117,104,138,157,144
117,108,88,89,116
117,108,113,105,91
117,109,102,112,110
117,112,109,113,108
117,115,113,48,132
117,115,116,108,114
117,115,120,133,116
117,116,85,99,84
117,116,122,83,127
117,117,109,97,109
117,117,123,122,103
117,117,143,103,78
117,119,123,129,131
117,121,116,111,24
117,121,134,146,114
117,125,119,117,114
117,127,126,115,115
117,127,139,143,101
117,128,119,115,123
117,128,128,130,124
117,130,165,154,109
117,131,145,141,114
117,141,138,118,110
117,144,120,135,100
117,151,136,199,140
117,172,192,193,170
118,81,109,99,102
118,94,108,122,88
118,105,101,104,108
118,110,112,102,121
118,113,104,100,115
118,113,106,127,122
118,114,109,120,115
118,114,116,119,75
118,117,117,116,126
118,117,130,129,126
118,118,145,142,119
118,119,101,95,101
118,119,103,117,103
118,119,122,103,112
118,123,140,136,118
118,126,123,118,76
118,131,101,98,110
118,134,111,165,149
118,146,164,171,129
118,155,121,103,92
119,82,106,136,64
119,85,87,91,98
119,89,76,115,135
119,90,62,55,145
119,91,94,85,123
119,99,97,140,107
119,105,125,132,137
119,109,106,89,104
119,109,144,135,121
119,112,102,99,134
119,115,93,100,222
119,115,120,122,116
119,116,114,85,125
119,119,118,125,237
119,119,121,124,105
119,120,117,111,114
119,122,127,159,133
119,122,136,136,123
119,124,75,88,100
119,125,124,123,138
119,140,149,163,131
119,195,209,224,134
120,93,142,152,141
120,101,110,109,112
120,104,108,112,116
120,104,110,113,110
120,104,112,98,126
120,108,168,201,107
120,110,72,81,92
120,113,99,75,123
120,113,108,120,136
120,114,105,108,123
120,115,175,180,91
120,117,117,117,119
120,117,119,121,124
120,117,139,119,117
120,119,118,118,126
120,120,106,85,106
120,121,99,100,124
120,121,122,120,142
120,122,203,215,124
120,125,119,118,121
120,128,135,130,72
120,129,130,125,132
120,131,87,95,129
120,137,146,153,114
120,139,120,106,147
120,141,142,160,89
121,73,90,76,100
121,85,85,68,99
121,101,94,119,94
121,103,80,83,113
121,110,111,109,157
121,112,116,114,113
121,115,135,116,141
121,117,99,90,118
121,117,112,111,116
121,120,113,120,122
121,124,125,113,121
121,124,129,132,132
121,127,132,105,114
121,128,124,113,124
121,129,95,49,111
121,131,122,131,118
121,138,117,85,119
121,142,114,89,125
121,150,106,110,105
121,161,160,152,183
122,36,43,54,125
122,55,45,55,129
122,91,82,70,104
122,101,114,111,147
122,109,97,92,113
122,112,96,101,104
122,112,125,143,75
122,115,123,138,138
122,116,110,86,133
122,117,106,103,135
122,120,92,101,106
122,123,120,120,111
122,126,120,111,106
122,131,115,93,90
122,131,135,149,227
122,132,129,115,104
122,160,145,180,179
122,181,181,181,141
123,53,142,125,111
123,90,49,73,112
123,92,119,116,99
123,103,71,97,121
123,108,87,70,102
123,112,92,107,95
123,115,78,105,99
123,117,108,92,100
123,118,127,114,123
123,118,128,130,119
123,119,124,125,141
123,119,132,187,129
123,120,121,125,122
123,123,127,126,130
123,125,119,118,98
123,128,108,113,134
123,129,126,127,130
123,129,134,145,125
123,133,129,129,113
123,136,131,120,115
123,136,143,141,146
123,170,155,67,155
124,49,43,113,103
124,55,15,17,126
124,81,106,132,121
124,103,128,131,115
124,104,92,73,108
124,104,111,128,83
124,107,121,122,98
124,108,57,76,71
124,112,115,97,115
124,113,128,103,85
124,115,119,161,123
124,117,93,116,103
124,122,100,75,103
124,122,104,109,143
124,122,121,121,128
124,123,112,127,109
124,123,117,125,126
124,124,125,131,100
124,124,131,119,148
124,128,132,127,131
124,129,119,110,138
124,129,135,136,115
124,130,117,110,78
124,134,145,136,140
124,136,140,138,118
124,138,130,130,137
124,141,148,156,128
124,147,144,153,164
124,148,161,178,107
124,153,148,169,149
124,218,229,228,160
125,107,145,155,120
125,110,106,74,96
125,110,116,113,119
125,112,85,75,114
125,113,121,124,116
125,115,128,123,137
125,119,145,188,148
125,121,66,76,119
125,121,115,130,130
125,124,112,107,131
125,125,133,152,87
125,127,129,135,144
125,127,134,128,123
125,130,192,158,115
125,140,152,86,118
125,141,186,141,58
125,156,140,144,110
125,169,165,123,115
125,174,163,151,109
125,175,153,147,121
126,73,81,79,106
126,75,69,85,70
126,81,123,121,127
126,89,51,67,82
126,89,101,142,125
126,102,88,74,102
126,109,95,112,125
126,113,90,83,128
126,117,126,140,121
126,122,128,132,142
126,123,126,118,122
126,124,114,119,93
126,125,119,132,227
126,126,125,124,130
126,128,120,117,121
126,128,128,128,131
126,130,139,110,99
126,131,122,124,120
126,131,125,135,127
126,132,137,133,121
126,134,142,141,111
126,137,109,99,115
126,140,135,139,103
126,141,161,163,112
126,142,182,181,148
126,148,93,144,147
126,174,183,182,145
127,79,121,119,81
127,90,38,25,122
127,97,125,152,148
127,101,130,155,157
127,104,116,128,83
127,105,164,148,118
127,112,109,114,108
127,115,107,102,117
127,119,126,126,116
127,125,86,46,97
127,126,117,102,105
127,129,136,144,132
127,130,133,117,141
127,131,109,128,141
128,55,50,50,185
128,99,131,109,124
128,105,140,153,153
128,110,88,83,123
128,111,120,139,111
128,112,112,135,130
128,114,141,157,135
128,115,154,169,109
128,118,104,98,121
128,128,127,118,132
128,128,128,107,112
128,129,129,126,109
128,130,132,132,117
128,131,148,158,149
128,132,120,105,153
128,132,127,98,129
128,132,128,137,132
128,135,123,127,109
128,137,133,129,95
128,142,135,130,129
128,143,135,137,131
128,147,141,99,134
128,153,133,138,120
128,157,178,188,179
128,159,123,126,115
129,58,65,28,110
129,72,25,38,124
129,99,108,100,109
129,109,118,145,98
129,114,90,100,152
129,116,110,98,167
129,116,115,125,97
129,117,112,147,106
129,119,120,148,92
129,121,116,108,118
129,122,123,112,105
129,123,102,118,129
129,123,120,114,170
129,124,121,128,128
129,125,116,108,107
129,127,124,118,158
129,127,131,130,76
129,128,124,131,126
129,130,148,185,152
129,131,121,123,131
129,131,138,139,134
129,133,107,97,113
129,140,156,131,129
129,141,129,128,134
129,152,115,130,111
129,152,220,226,141
129,159,153,147,184
130,85,76,97,101
130,94,115,127,136
130,95,116,138,117
130,102,121,137,102
130,103,97,98,99
130,104,108,128,117
130,105,109,91,86
130,107,106,84,107
130,107,108,114,136
130,110,102,126,138
130,113,101,114,116
130,116,108,98,153
130,118,124,115,118
130,119,128,134,113
130,119,137,92,112
130,120,111,119,118
130,123,122,123,133
130,124,92,88,121
130,124,139,85,183
130,129,150,124,139
130,130,134,127,128
130,130,147,157,123
130,131,131,129,159
130,137,145,96,70
130,139,136,128,130
130,139,153,165,178
130,140,131,126,144
130,165,156,152,128
131,73,121,63,132
131,78,105,123,101
131,84,66,78,124
131,89,90,103,47
131,91,121,152,70
131,105,101,118,141
131,107,66,58,202
131,112,76,63,95
131,112,96,120,103
131,115,100,92,116
131,115,137,142,132
131,118,105,85,109
131,123,109,108,121
131,131,129,129,135
131,134,105,104,149
131,134,129,126,140
131,134,141,136,132
131,134,152,135,131
131,135,134,134,136
131,137,114,105,135
131,138,131,120,130
131,139,139,134,132
131,140,117,96,172
131,140,136,132,124
131,140,148,145,120
131,150,160,163,151
131,153,72,75,100
131,158,185,117,104
131,159,129,118,132
131,160,168,153,93
131,164,169,159,61
131,193,165,173,149
131,221,231,229,146
132,57,57,68,81
132,93,136,101,133
132,94,60,59,159
132,117,125,183,138
132,120,115,105,137
132,121,109,108,115
132,123,123,123,114
132,124,91,98,104
132,124,107,133,105
132,125,97,94,139
132,126,125,127,75
132,126,125,130,132
132,128,146,165,160
132,129,124,126,129
132,130,108,90,129
132,131,92,92,125
132,131,127,119,131
132,131,167,157,113
132,132,156,178,89
132,135,120,116,129
132,135,137,121,108
132,135,137,141,145
132,136,115,106,112
132,137,136,126,121
132,138,140,150,134
132,144,139,85,130
132,144,142,118,216
132,199,120,88,111
132,204,224,167,220
133,90,107,92,111
133,108,129,143,115
133,109,95,108,127
133,110,97,76,108
133,111,127,122,100
133,114,114,102,116
133,117,135,136,113
133,118,117,111,130
133,120,121,123,120
133,122,110,123,101
133,123,122,119,126
133,125,126,136,139
133,129,111,116,141
133,129,148,140,149
133,130,121,124,130
133,132,113,113,131
133,132,129,127,130
133,133,170,177,133
133,136,138,140,152
133,137,129,129,134
133,137,141,141,138
133,138,153,110,70
133,141,124,148,134
133,141,147,140,119
133,143,150,140,108
133,144,154,142,121
133,145,131,101,146
133,152,140,166,128
133,160,162,144,138
134,92,134,104,78
134,100,118,132,129
134,105,88,83,131
134,105,94,90,109
134,107,97,124,104
134,114,107,136,91
134,116,120,97,137
134,118,116,132,122
134,122,107,72,152
134,124,112,122,123
134,127,90,138,134
134,129,128,125,92
134,131,119,93,131
134,131,145,182,72
134,131,185,208,116
134,132,119,134,126
134,132,131,129,135
134,135,136,145,145
134,137,136,135,152
134,137,140,138,135
134,138,141,143,145
134,140,126,139,155
134,143,67,39,158
134,145,139,107,86
134,147,137,161,76
134,168,181,178,165
134,170,143,155,172
134,179,189,191,149
135,89,150,105,156
135,109,101,133,131
135,109,112,121,118
135,111,145,164,108
135,116,102,116,145
135,118,93,96,134
135,119,94,118,132
135,119,107,112,134
135,119,107,120,92
135,121,123,87,105
135,130,82,52,54
135,131,133,132,129
135,132,127,123,137
135,132,144,144,133
135,132,146,161,147
135,133,121,121,117
135,133,135,117,118
135,134,132,133,133
135,135,139,137,134
135,136,148,161,167
135,137,127,56,86
135,137,132,131,151
135,137,136,156,110
135,140,128,108,148
135,141,147,159,115
135,156,152,107,167
135,161,152,157,167
135,164,164,145,134
135,187,186,187,60
136,103,60,125,143
136,103,86,104,164
136,108,99,122,141
136,113,127,137,155
136,127,124,120,131
136,130,107,116,137
136,130,117,105,150
136,130,130,130,234
136,132,67,115,140
136,132,128,125,121
136,134,143,128,150
136,135,131,138,132
136,139,137,136,138
136,139,159,150,129
136,140,134,126,150
136,140,139,128,130
136,142,141,144,152
136,142,173,148,122
136,147,113,93,126
136,150,151,135,127
136,156,176,154,119
136,165,165,136,141
137,87,94,93,162
137,88,68,45,85
137,100,94,100,119
137,104,42,46,151
137,106,91,88,85
137,109,186,169,122
137,118,76,55,118
137,118,143,158,130
137,119,115,125,132
137,129,128,132,128
137,131,105,113,137
137,132,120,106,152
137,132,124,140,131
137,133,140,146,129
137,134,139,138,116
137,135,135,126,149
137,136,132,136,146
137,138,132,132,145
137,138,138,137,137
137,138,144,141,142
137,139,138,114,61
137,144,143,138,142
137,146,142,93,129
137,149,170,179,136
138,70,99,84,77
138,107,132,166,124
138,118,145,149,119
138,119,103,110,140
138,135,142,147,158
138,136,141,141,148
138,137,120,114,155
138,138,134,134,138
138,139,129,125,121
138,139,135,130,137
138,140,138,130,110
138,146,147,124,153
138,150,133,131,112
138,158,151,186,159
139,127,124,81,123
139,131,125,132,137
139,134,129,130,117
139,135,135,138,134
139,136,135,111,139
139,140,142,141,156
139,140,158,180,149
139,142,198,129,119
139,143,152,154,153
139,144,149,147,162
139,147,139,140,144
139,148,103,119,152
139,148,155,163,57
139,151,114,75,140
140,64,60,56,123
140,86,135,166,131
140,102,123,95,134
140,102,140,111,160
140,119,124,132,167
140,122,98,98,138
140,129,104,99,103
140,134,142,146,147
140,137,138,132,144
140,137,140,197,151
140,139,118,128,133
140,139,138,143,146
140,140,138,141,139
140,141,140,150,140
140,142,137,135,143
140,143,148,143,146
140,153,157,143,158
140,157,136,97,173
140,163,174,164,158
140,164,145,111,156
140,166,189,186,164
140,170,148,141,128
140,171,186,191,154
140,173,164,176,137
141,102,104,107,138
141,113,153,162,125
141,120,127,125,121
141,121,136,134,133
141,133,124,128,150
141,134,118,98,159
141,136,128,142,143
141,137,117,88,131
141,138,93,86,144
141,138,139,137,155
141,139,133,124,131
141,139,139,139,140
141,141,143,143,147
141,142,128,122,118
141,143,93,127,142
141,143,140,143,145
141,145,148,157,132
141,146,148,160,121
141,147,150,141,129
141,148,140,140,134
141,149,112,134,134
141,154,158,165,148
141,154,163,146,165
142,88,157,112,98
142,96,113,113,202
142,105,82,104,74
142,109,97,99,166
142,126,114,106,172
142,132,145,149,145
142,133,117,74,106
142,135,144,142,116
142,136,142,128,134
142,138,154,189,179
142,139,146,146,123
142,141,136,114,131
142,144,146,149,153
142,150,147,138,118
142,151,124,109,153
142,154,146,149,144
142,161,151,146,142
143,101,136,124,145
143,101,153,96,120
143,104,133,158,93
143,110,62,98,90
143,129,130,139,133
143,137,136,142,138
143,138,128,139,146
143,138,132,124,140
143,139,84,123,101
143,139,137,135,130
143,139,142,133,164
143,140,123,116,126
143,141,136,135,142
143,142,146,146,139
143,143,150,154,137
143,144,117,129,139
143,145,154,161,130
143,145,159,140,143
143,145,194,242,237
143,147,153,146,131
143,148,125,96,119
143,148,145,119,142
143,149,152,154,145
143,160,168,124,148
143,161,156,139,156
143,162,104,184,87
143,165,159,179,158
143,167,186,136,126
144,91,166,165,175
144,99,94,100,139
144,100,118,106,106
144,113,135,120,117
144,126,80,67,139
144,127,109,120,131
144,132,131,124,187
144,134,113,107,171
144,134,118,124,148
144,134,122,128,136
144,136,105,165,143
144,142,142,160,103
144,144,140,147,133
144,146,154,150,140
144,149,172,187,162
144,150,156,159,144
144,154,143,144,146
144,155,160,153,141
144,157,120,129,107
144,165,166,147,152
145,114,114,122,133
145,122,78,91,106
145,130,99,100,82
145,132,112,114,123
145,133,124,125,241
145,136,145,137,141
145,138,135,105,119
145,141,134,104,132
145,142,107,119,101
145,142,126,129,114
145,145,144,143,140
145,146,137,131,123
145,150,161,165,133
145,152,124,111,111
145,155,140,105,143
145,157,152,152,131
145,165,181,147,133
145,166,159,159,165
145,170,173,177,140
146,110,65,86,116
146,113,141,90,114
146,129,122,116,138
146,135,145,147,161
146,140,138,145,139
146,144,142,135,141
146,146,141,131,154
146,154,166,175,174
146,155,163,148,132
146,173,121,116,242
146,173,139,118,126
146,176,176,171,153
147,94,77,79,120
147,119,83,127,139
147,122,88,74,144
147,127,152,181,141
147,130,117,105,136
147,131,142,145,132
147,134,118,122,123
147,137,64,36,148
147,143,141,121,132
147,147,135,145,113
147,147,166,160,156
147,148,149,151,198
147,154,144,154,158
147,155,154,145,143
147,163,156,160,153
147,178,183,183,100
148,97,119,86,126
148,106,144,128,220
148,123,117,154,127
148,125,138,157,151
148,141,134,130,157
148,146,135,135,159
148,146,147,147,226
148,151,155,161,162
148,156,159,159,149
148,158,167,161,133
148,160,137,120,127
148,172,102,87,158
149,123,184,189,93
149,124,37,43,134
149,136,101,131,134
149,136,115,135,131
149,141,165,181,179
149,144,143,130,147
149,145,137,135,150
149,146,112,142,172
149,146,144,138,225
149,146,147,140,151
149,147,110,108,122
149,148,154,157,178
149,149,147,149,152
149,152,135,149,166
149,155,189,146,172
149,156,145,104,131
149,156,165,161,174
149,167,167,169,159
149,172,166,153,173
149,177,173,163,62
150,79,96,129,137
150,123,98,98,140
150,123,144,148,120
150,132,157,140,136
150,132,182,129,179
150,137,142,139,233
150,139,152,140,126
150,141,130,115,144
150,144,142,135,149
150,146,144,106,121
150,148,149,144,163
150,150,166,166,152
150,152,152,154,217
150,177,208,212,167
151,134,141,154,186
151,136,114,102,66
151,141,138,95,139
151,150,146,141,164
151,151,150,144,138
151,151,152,149,151
151,152,145,138,137
151,152,150,148,146
151,153,157,150,136
151,155,156,181,165
151,157,155,143,132
151,161,164,169,162
151,165,139,173,76
151,166,160,142,142
151,171,164,179,121
151,172,168,169,158
151,173,244,244,198
151,175,121,112,183
152,104,123,91,100
152,122,150,169,164
152,134,154,175,155
152,138,140,130,169
152,141,203,235,140
152,144,117,111,127
152,147,142,139,128
152,149,141,156,160
152,149,145,126,86
152,149,154,117,154
152,150,148,141,155
152,150,150,154,149
152,150,152,150,145
152,150,167,176,143
152,152,152,150,177
152,153,151,147,174
152,155,151,146,157
152,157,105,76,130
152,162,159,160,140
152,163,172,193,136
152,170,137,153,166
152,170,177,183,155
152,172,126,105,210
152,172,151,163,92
152,180,166,136,150
153,90,121,150,138
153,106,141,152,154
153,109,108,103,141
153,112,74,98,89
153,117,141,171,159
153,125,136,95,176
153,128,136,115,151
153,131,135,139,142
153,142,148,150,147
153,143,132,144,161
153,145,163,170,153
153,146,128,116,141
153,147,143,122,60
153,148,145,146,148
153,149,143,144,143
153,151,151,162,142
153,154,158,171,138
153,155,158,161,164
153,156,121,161,178
153,157,122,114,110
153,157,158,160,159
153,158,174,182,161
153,161,157,159,158
153,165,168,158,172
154,66,62,60,191
154,101,80,158,154
154,101,169,104,143
154,109,163,183,84
154,115,112,172,95
154,116,156,159,137
154,127,71,74,113
154,130,166,112,144
154,143,102,129,118
154,146,91,53,180
154,148,158,135,164
154,150,149,138,151
154,151,141,129,156
154,151,164,123,155
154,153,153,153,209
154,155,164,156,151
154,156,169,163,159
154,157,158,170,149
154,163,167,173,198
154,164,168,163,124
154,164,173,173,123
154,165,159,154,164
155,115,110,77,123
155,116,146,125,144
155,120,111,103,138
155,138,135,141,143
155,144,108,88,150
155,146,167,175,153
155,148,181,131,169
155,150,148,148,169
155,151,141,145,134
155,152,154,154,155
155,155,148,143,162
155,155,153,150,152
155,157,153,154,150
155,158,149,158,164
155,159,150,138,187
155,167,161,111,150
155,169,156,147,169
155,190,187,186,185
156,132,136,136,168
156,133,130,133,147
156,145,181,187,180
156,148,139,147,174
156,151,137,109,125
156,152,147,144,176
156,155,154,153,200
156,159,154,149,139
156,159,159,165,145
156,161,170,156,199
156,163,129,137,161
156,166,167,155,163
156,167,171,175,129
156,169,112,138,126
156,173,169,168,111
156,174,172,196,144
157,95,94,95,162
157,121,152,128,153
157,130,205,215,154
157,137,120,130,165
157,140,142,162,146
157,151,152,169,145
157,155,147,142,156
157,155,157,157,153
157,157,147,150,155
157,158,148,159,157
157,161,164,163,161
157,161,164,169,163
157,163,161,170,146
157,166,148,116,177
157,166,171,171,178
157,168,171,186,130
157,188,181,123,173
158,100,86,86,170
158,104,78,74,143
158,132,132,134,124
158,138,138,132,145
158,143,138,148,158
158,144,146,123,147
158,146,85,88,183
158,150,162,160,147
158,156,159,148,149
158,159,157,154,199
158,160,164,159,152
158,162,149,140,175
158,164,184,166,163
158,165,175,171,132
158,166,179,94,65
158,179,170,151,137
158,198,186,165,176
159,89,121,166,115
159,132,123,121,137
159,138,70,67,94
159,138,98,97,175
159,141,154,150,171
159,143,148,158,157
159,145,163,156,154
159,153,137,132,152
159,154,155,163,161
159,162,162,154,157
159,166,169,140,166
159,167,157,149,148
159,179,145,113,170
159,188,210,220,212
160,139,132,178,169
160,141,164,171,160
160,142,132,135,161
160,144,178,161,154
160,151,124,122,227
160,154,162,171,166
160,155,109,85,141
160,157,157,156,206
160,159,158,151,163
160,160,165,167,153
160,163,168,173,146
160,163,175,166,142
160,166,163,165,139
160,166,167,157,156
160,171,177,151,178
161,77,79,68,116
161,128,146,124,130
161,129,139,150,161
161,139,214,216,149
161,141,135,136,152
161,148,144,133,170
161,148,168,191,122
161,152,190,224,175
161,154,163,169,159
161,157,155,174,164
161,161,114,148,178
161,161,162,159,167
161,183,187,195,139
161,224,224,185,130
162,120,167,158,170
162,141,132,120,145
162,155,150,143,159
162,158,158,168,155
162,159,158,156,162
162,160,150,140,150
162,161,129,152,157
162,165,152,133,202
162,168,150,131,184
162,173,138,86,158
162,190,190,188,160
162,220,220,216,144
163,114,112,139,63
163,141,122,140,177
163,143,157,187,163
163,153,131,113,153
163,156,176,178,143
163,160,165,167,176
163,166,167,167,164
163,214,186,157,147
164,112,102,94,172
164,115,91,71,139
164,148,154,165,113
164,155,164,171,172
164,158,155,148,156
164,158,162,149,165
164,159,145,135,157
164,160,157,150,161
164,160,159,163,142
164,161,158,156,163
164,161,159,189,177
164,162,149,156,203
164,163,156,154,135
164,163,160,159,176
164,163,164,152,165
164,164,142,99,156
164,165,160,150,166
164,166,149,82,193
164,167,168,170,161
164,168,186,187,50
164,170,173,179,165
164,173,185,192,167
164,178,159,164,165
164,178,160,152,107
164,180,175,180,169
164,183,177,176,229
164,184,188,203,177
164,185,173,173,135
164,195,163,160,194
165,81,85,103,75
165,90,106,89,154
165,131,142,121,119
165,131,161,169,155
165,136,113,167,169
165,137,168,130,127
165,159,148,143,163
165,162,161,159,170
165,163,162,165,184
165,167,147,120,166
165,167,169,166,174
165,168,188,188,133
165,172,149,144,159
165,173,181,197,184
165,176,180,191,159
165,181,194,195,179
165,183,198,186,162
165,189,192,190,140
165,190,206,189,157
165,222,245,244,166
166,120,133,146,154
166,134,146,137,110
166,150,150,127,166
166,153,155,181,131
166,157,230,234,167
166,161,158,143,168
166,161,162,117,168
166,163,162,162,166
166,165,136,168,169
166,165,158,155,171
166,166,167,168,156
166,168,168,164,173
166,168,182,185,176
166,170,165,170,162
166,176,181,131,150
166,178,151,100,148
166,184,165,165,187
167,139,143,136,141
167,152,130,116,163
167,155,136,110,163
167,159,161,153,165
167,164,163,165,166
167,165,154,83,157
167,165,164,160,176
167,166,144,131,160
167,166,166,162,186
167,166,166,166,168
167,168,161,167,163
167,171,181,183,156
167,181,195,136,81
167,182,173,187,162
167,183,189,206,172
168,74,80,82,145
168,127,127,139,161
168,146,137,134,151
168,158,162,135,162
168,160,174,173,175
168,163,150,150,148
168,163,160,157,161
168,163,168,160,123
168,166,148,167,139
168,171,174,173,168
168,171,175,176,166
168,175,158,167,154
168,194,202,138,167
169,136,121,124,163
169,141,146,135,126
169,159,110,139,127
169,163,160,161,175
169,164,161,167,169
169,166,161,158,164
169,166,174,171,154
169,167,193,193,146
169,168,162,164,162
169,168,168,163,170
169,174,177,179,165
169,183,195,207,165
169,192,193,201,174
169,226,235,225,201
170,81,70,58,158
170,141,157,162,163
170,156,150,163,166
170,161,152,115,171
170,164,165,166,160
170,165,164,177,168
170,168,176,201,163
170,169,162,161,169
170,170,167,171,166
170,170,171,170,155
170,171,176,161,176
170,180,173,144,169
170,182,185,197,167
171,137,166,180,170
171,148,91,85,183
171,151,172,108,169
171,154,146,151,152
171,154,160,174,170
171,164,157,68,183
171,166,161,162,174
171,170,151,146,142
171,171,160,157,183
171,172,174,168,161
171,173,163,132,168
171,177,190,200,193
171,178,156,181,200
171,185,193,190,169
171,198,185,184,194
171,219,212,218,172
172,143,172,180,131
172,147,154,135,180
172,156,149,133,143
172,161,153,152,163
172,165,152,153,180
172,172,148,164,150
172,174,156,153,181
172,174,160,164,177
172,177,179,185,181
172,177,180,122,178
172,190,196,188,138
172,196,187,195,232
173,116,71,90,188
173,131,118,177,158
173,137,123,150,159
173,140,70,54,166
173,146,146,153,203
173,157,145,113,160
173,161,152,139,175
173,166,169,174,178
173,171,169,155,177
173,172,168,127,156
173,172,173,168,154
173,174,180,184,186
173,175,162,154,173
173,180,186,190,51
173,181,176,176,184
173,183,173,197,157
173,187,200,221,105
174,173,184,202,196
174,179,214,205,171
174,180,184,182,185
174,186,147,171,180
174,193,202,197,166
175,163,161,162,179
175,164,170,166,174
175,165,154,164,51
175,174,177,182,174
175,176,151,135,187
175,178,176,171,165
175,182,152,150,186
175,182,189,188,171
175,183,185,185,170
175,195,176,176,188
175,204,215,216,193
176,128,98,97,173
176,159,143,130,156
176,161,142,131,166
176,162,163,154,94
176,169,171,182,167
176,170,187,166,170
176,174,171,169,177
176,174,175,170,174
176,178,180,178,172
176,182,186,185,174
176,184,184,178,183
176,186,189,211,156
176,195,167,174,160
177,157,161,196,166
177,165,131,164,208
177,170,182,200,170
177,173,173,164,171
177,175,152,145,180
177,175,153,176,177
177,177,177,178,178
177,179,178,153,179
177,180,183,207,156
177,182,154,167,179
177,185,194,197,179
177,186,129,102,141
177,197,195,180,175
177,202,203,195,169
178,79,70,123,172
178,107,82,95,181
178,139,130,154,186
178,170,160,162,177
178,171,169,165,170
178,175,164,157,172
178,176,140,108,174
178,176,177,178,181
178,178,179,172,60
178,178,179,178,172
178,178,191,191,191
178,180,182,184,180
178,180,189,189,155
178,181,183,186,182
178,186,193,207,233
178,188,128,132,130
178,199,152,219,146
178,199,222,241,240
179,64,59,54,194
179,118,79,84,182
179,144,94,103,91
179,147,146,138,163
179,166,159,172,177
179,167,173,191,177
179,173,175,173,183
179,175,160,158,172
179,175,176,168,184
179,177,179,177,182
179,178,170,179,150
179,194,202,209,117
179,195,166,170,198
179,195,202,202,222
179,198,198,198,184
180,154,166,164,194
180,158,153,152,179
180,163,162,127,180
180,164,159,167,182
180,165,146,145,51
180,170,156,184,163
180,170,169,223,169
180,178,175,177,172
180,179,181,178,167
180,181,179,179,177
180,181,185,182,175
180,187,167,132,183
180,187,169,161,174
180,188,187,183,187
180,196,189,190,161
181,138,117,174,177
181,145,95,89,156
181,151,117,145,176
181,157,91,119,155
181,159,126,123,185
181,160,160,169,186
181,168,168,159,151
181,168,178,170,217
181,168,199,194,190
181,170,194,176,171
181,173,169,169,124
181,174,170,167,145
181,174,176,173,173
181,175,161,175,163
181,176,136,164,193
181,179,197,187,181
181,181,178,182,173
181,182,180,182,62
181,183,171,186,172
181,183,181,181,186
181,185,157,188,161
181,186,184,187,169
181,187,191,195,196
181,190,191,190,180
181,191,200,207,165
182,146,116,105,153
182,151,168,158,174
182,164,171,185,168
182,181,182,184,187
182,183,182,180,179
182,190,201,202,184
182,212,231,233,179
183,91,150,160,167
183,130,187,194,134
183,164,153,128,212
183,168,168,144,124
183,170,147,186,228
183,171,178,179,175
183,173,170,178,191
183,178,140,119,184
183,182,177,84,44
183,186,174,167,180
183,197,174,166,150
183,197,185,171,210
184,131,121,161,159
184,151,163,188,188
184,170,185,177,161
184,174,179,174,180
184,180,180,146,188
184,180,180,183,192
184,182,181,180,179
184,185,183,181,185
184,186,187,190,51
184,188,190,190,189
184,191,193,191,185
185,153,138,137,114
185,155,161,154,141
185,168,176,175,187
185,173,162,155,170
185,188,188,188,183
185,190,194,193,193
185,192,193,192,177
185,193,181,158,174
185,198,210,216,202
185,202,217,220,189
185,227,212,228,197
186,110,90,102,102
186,127,158,167,147
186,153,182,182,186
186,183,183,177,192
186,185,179,177,149
186,185,183,182,182
186,189,192,194,199
186,191,191,188,181
187,136,159,214,170
187,148,108,127,196
187,168,162,161,174
187,185,183,177,186
187,188,189,186,178
188,164,154,171,194
188,175,168,174,184
188,177,154,147,217
188,182,172,169,156
188,183,191,169,186
188,187,147,130,192
188,188,178,176,180
188,188,189,189,184
188,189,186,187,192
188,189,190,193,177
188,190,185,170,220
188,190,192,190,214
188,192,162,177,197
188,224,228,191,208
189,170,174,163,172
189,175,182,179,184
189,177,157,122,194
189,182,150,84,134
189,185,183,182,192
189,188,175,157,179
189,192,191,191,189
189,195,194,187,193
189,226,220,204,237
190,128,119,116,209
190,160,119,142,187
190,179,176,173,218
190,182,180,181,197
190,187,164,149,170
190,187,185,210,227
190,187,187,189,217
190,191,190,187,83
190,194,204,211,182
190,196,207,192,189
190,197,203,211,217
190,199,208,219,171
190,203,218,200,188
190,210,222,215,178
191,172,163,164,177
191,174,150,148,183
191,175,182,180,61
191,181,186,182,184
191,186,186,188,194
191,189,182,161,183
191,190,192,194,191
191,191,192,188,70
191,193,186,176,196
191,194,183,193,185
191,194,192,196,173
192,136,155,195,190
192,148,182,225,187
192,187,193,201,189
192,188,194,197,213
192,190,189,193,185
192,192,193,196,193
192,193,136,159,219
192,195,179,184,221
192,195,196,195,193
192,200,206,208,214
192,202,210,219,189
192,210,219,231,198
193,149,136,92,118
193,171,156,136,154
193,190,186,186,197
193,190,188,189,191
193,190,193,193,186
193,190,194,195,193
193,194,196,195,194
193,195,196,198,223
193,205,165,115,212
193,224,230,227,181
194,65,44,54,191
194,176,176,160,196
194,177,155,177,225
194,181,214,224,199
194,191,191,191,194
194,192,199,184,224
194,193,196,196,191
194,194,192,177,217
194,196,198,200,193
194,202,208,220,178
194,203,198,198,188
195,99,97,97,135
195,184,170,165,199
195,193,193,191,186
195,194,195,191,184
195,196,198,198,197
195,198,199,200,218
195,220,192,202,190
196,116,110,106,192
196,180,204,171,180
196,190,185,174,198
196,197,193,191,196
196,197,202,205,174
196,215,225,225,179
197,196,201,189,204
197,197,199,201,193
197,198,175,156,210
197,199,206,216,165
197,204,143,63,201
197,210,217,221,190
197,216,220,213,175
198,150,157,175,201
198,186,182,153,155
198,192,201,204,206
198,195,194,187,126
198,196,193,188,50
198,197,185,132,220
198,200,198,191,181
198,205,213,202,182
198,224,229,194,247
199,185,194,194,191
199,186,175,195,196
199,187,185,174,191
199,191,199,199,167
199,200,198,195,228
199,200,199,200,174
199,200,212,226,216
199,200,220,235,212
199,201,200,197,196
199,206,208,212,187
199,212,222,222,221
200,198,198,200,215
200,200,199,194,186
200,201,200,192,179
200,202,202,201,199
200,203,208,207,192
200,206,210,201,122
200,222,230,228,200
201,176,143,80,165
201,180,193,166,198
201,192,190,185,161
201,193,185,194,205
201,198,192,180,211
201,199,197,194,235
201,199,201,188,199
201,200,199,192,200
201,202,204,231,214
201,202,214,214,225
201,204,142,141,163
201,204,182,148,235
201,206,203,198,196
202,175,188,183,209
202,191,187,185,204
202,199,196,199,197
203,171,148,154,158
203,196,192,186,215
203,198,198,195,191
203,199,138,97,135
203,201,201,198,219
203,203,204,202,200
203,205,200,202,190
203,213,206,194,207
204,186,205,218,220
204,188,192,219,207
204,191,166,191,208
204,192,179,189,175
204,205,211,205,193
204,209,209,168,211
204,209,214,226,239
204,213,216,179,169
204,215,222,227,191
204,220,215,213,210
205,77,68,71,218
205,137,108,151,183
205,192,208,218,205
205,204,204,203,209
205,220,212,191,219
206,147,151,154,195
206,173,140,127,150
206,201,199,198,199
206,202,191,188,232
206,209,212,202,207
206,213,208,207,177
206,214,237,239,224
206,219,204,198,197
207,170,124,141,219
207,170,144,177,131
207,189,187,202,204
207,204,202,197,204
207,204,204,214,235
207,209,207,205,205
207,210,206,198,215
207,221,227,232,217
208,114,97,138,200
208,191,172,108,87
208,193,177,178,217
208,196,191,210,222
208,199,191,192,195
208,200,190,159,203
208,204,204,216,205
208,206,200,185,208
208,208,198,216,208
208,209,213,216,201
208,210,208,205,199
208,223,222,234,206
209,106,85,123,151
209,204,206,222,219
209,207,207,203,246
209,212,234,239,192
209,219,234,228,212
209,220,229,220,222
209,227,226,143,188
210,106,89,91,224
210,197,200,201,188
210,204,183,182,219
210,214,214,199,215
210,215,215,213,215
210,222,224,227,229
211,180,147,182,218
211,202,173,143,224
211,204,198,191,203
211,206,202,202,203
211,209,203,212,208
211,221,203,156,218
211,223,219,213,127
211,225,211,209,236
211,232,229,228,231
212,201,180,196,199
212,206,190,183,204
212,210,193,167,205
212,210,202,205,193
212,210,212,214,201
212,216,192,186,221
212,219,214,192,216
213,190,164,165,188
213,192,149,53,204
213,211,204,197,208
213,212,209,209,235
213,213,213,211,218
213,217,218,217,215
213,228,235,232,184
214,201,212,220,190
214,205,199,209,236
214,209,230,224,222
214,211,210,210,248
214,216,217,217,202
214,217,220,222,223
214,219,218,219,213
214,222,230,231,210
214,230,208,202,197
215,179,213,230,229
215,184,137,133,176
215,201,208,195,227
215,213,214,205,199
215,214,204,217,217
215,229,228,223,225
216,120,136,172,232
216,188,141,202,212
216,204,196,199,220
216,210,213,226,220
216,213,213,216,217
216,218,225,227,218
216,223,224,223,214
216,224,229,224,216
216,225,231,232,229
217,166,162,165,195
217,207,161,173,223
217,207,197,181,214
217,211,213,216,213
217,213,206,204,208
217,213,210,212,211
217,216,225,222,199
217,218,222,226,218
217,224,228,226,220
217,226,241,249,221
217,227,232,210,228
218,163,170,206,195
218,204,191,201,207
218,217,217,215,219
218,224,251,249,215
218,227,225,227,221
219,179,180,183,220
219,199,159,139,210
219,217,175,168,216
219,218,218,219,216
219,219,217,217,224
219,219,218,218,215
219,230,233,234,225
220,161,148,150,219
220,175,152,153,217
220,193,148,176,226
220,218,207,202,235
220,219,220,223,203
220,221,213,175,225
220,231,224,227,196
221,161,148,150,221
221,192,140,175,226
221,197,167,174,233
221,200,144,175,224
221,219,217,209,216
221,222,222,221,181
221,225,219,182,217
221,227,230,229,197
221,232,228,225,219
222,177,167,172,218
222,205,201,185,235
222,218,202,225,222
222,221,143,108,203
222,222,219,214,217
222,236,238,241,233
223,211,215,161,207
223,214,212,223,219
223,219,211,154,218
223,224,237,246,232
223,228,240,203,225
223,235,233,242,229
224,212,223,228,210
224,217,206,197,183
224,217,209,214,213
224,221,225,231,135
224,223,230,230,226
224,227,229,228,214
224,228,222,220,235
224,228,248,249,228
224,229,252,255,240
224,234,203,191,219
225,138,171,146,230
225,183,151,144,205
225,218,224,223,193
225,226,234,238,188
225,226,239,203,223
225,227,224,226,231
225,227,225,219,223
225,239,242,245,235
225,246,254,249,230
226,202,217,224,223
226,204,169,181,227
226,206,222,225,226
226,219,215,211,235
226,226,226,223,225
226,227,228,230,225
227,210,146,167,232
227,224,217,228,225
227,225,223,224,227
227,225,227,229,226
227,226,220,217,227
227,227,226,227,227
227,228,224,121,217
227,229,211,236,239
228,224,222,220,225
228,226,217,222,225
228,226,221,208,245
228,226,226,230,227
228,226,230,229,202
228,227,225,215,227
228,227,225,220,226
228,229,224,216,223
228,230,224,187,207
228,230,233,234,168
228,232,230,224,230
228,234,238,241,243
228,235,233,233,220
229,227,227,227,227
229,227,233,228,233
229,242,239,236,216
230,189,117,102,227
230,224,221,195,224
230,225,204,207,226
230,226,225,223,222
230,227,230,230,228
230,229,204,214,233
230,231,227,193,233
230,232,231,227,229
230,233,234,234,193
230,238,236,239,193
231,152,148,153,232
231,206,209,219,234
231,221,207,194,237
231,227,223,218,225
231,228,218,166,229
231,229,222,217,247
231,229,231,234,231
231,231,234,234,231
231,235,233,231,214
232,228,222,217,194
232,230,228,223,156
232,231,229,231,232
232,231,232,231,231
233,190,136,151,229
233,225,218,212,222
233,230,239,215,231
233,232,231,232,229
233,233,233,235,248
233,234,233,233,231
233,235,237,239,117
233,235,241,248,218
233,237,238,236,208
234,227,219,183,227
234,228,238,121,233
234,233,231,227,233
234,235,238,232,231
234,236,231,230,246
234,240,240,238,239
235,230,223,195,250
235,233,233,234,160
235,234,229,204,236
235,235,240,221,231
235,236,236,236,235
235,238,237,222,222
236,236,235,231,235
236,237,239,239,188
236,242,246,252,235
237,182,189,165,251
237,228,200,159,165
237,233,230,227,239
237,236,222,224,236
237,237,228,230,231
237,239,239,239,235
237,242,252,254,243
237,243,253,248,237
238,226,229,227,236
238,227,230,186,231
238,236,228,221,233
238,237,232,235,195
238,237,238,235,197
238,239,247,201,238
238,245,255,252,238
238,249,254,210,107
239,218,244,246,245
239,223,241,246,243
239,235,227,216,237
239,237,237,237,179
239,239,223,223,244
239,239,246,219,239
239,243,246,247,244
240,227,211,212,245
241,183,135,190,83
241,227,243,222,222
241,238,241,242,236
241,242,243,242,104
242,223,155,228,241
242,240,235,228,240
242,241,241,241,224
242,242,242,244,201
242,244,247,249,245
242,248,255,229,245
243,231,219,232,241
243,235,148,145,237
243,240,242,242,211
243,243,241,240,242
243,246,242,241,247
243,248,255,255,244
244,235,224,231,242
244,240,240,239,242
244,244,243,243,247
244,244,245,244,246
245,195,224,236,246
245,242,239,236,222
245,245,242,241,249
246,243,244,245,221
246,247,177,158,241
247,249,255,250,246
247,254,255,241,235
248,209,215,218,247
248,244,231,238,255
249,249,248,247,228
250,205,204,203,242
250,239,200,202,242
251,220,113,93,251
251,247,243,235,250
252,250,249,251,254
253,224,209,224,255
